AREA,AREA_TITLE,AREA_TYPE,PRIM_STATE,NAICS,NAICS_TITLE,I_GROUP,OWN_CODE,OCC_CODE,OCC_TITLE,O_GROUP,TOT_EMP,EMP_PRSE,JOBS_1000,LOC_QUOTIENT,PCT_TOTAL,PCT_RPT,H_MEAN, A_MEAN ,MEAN_PRSE,H_PCT10,H_PCT25,H_MEDIAN,H_PCT75,H_PCT90,A_PCT10,A_PCT25,A_MEDIAN,A_PCT75,A_PCT90,ANNUAL,HOURLY
01,Alabama,2,AL,000000,Cross-industry,cross-industry,1235,15-1242,Database Administrators,detailed,1740,4.8,0.868,1.59,,, 41.87 ," 87,090.00 ", 1.20 , 25.16 , 31.94 , 39.33 , 50.78 , 62.10 ," 52,340.00 "," 66,440.00 "," 81,810.00 "," 105,630.00 "," 129,160.00 ",  ,  
02,Alaska,2,AK,000000,Cross-industry,cross-industry,1235,15-1242,Database Administrators,detailed,110,10.7,0.347,0.64,,, 44.25 ," 92,040.00 ", 3.90 , 28.35 , 33.39 , 40.06 , 52.57 , 60.24 ," 58,970.00 "," 69,450.00 "," 83,330.00 "," 109,340.00 "," 125,300.00 ",  ,  
04,Arizona,2,AZ,000000,Cross-industry,cross-industry,1235,15-1242,Database Administrators,detailed,1960,5.4,0.647,1.19,,, 47.78 ," 99,370.00 ", 1.40 , 25.37 , 35.08 , 49.84 , 58.24 , 66.07 ," 52,770.00 "," 72,970.00 "," 103,670.00 "," 121,140.00 "," 137,430.00 ",  ,  
05,Arkansas,2,AR,000000,Cross-industry,cross-industry,1235,15-1242,Database Administrators,detailed,400,9.6,0.321,0.59,,, 37.29 ," 77,560.00 ", 1.80 , 21.22 , 27.78 , 36.67 , 44.05 , 53.55 ," 44,130.00 "," 57,780.00 "," 76,280.00 "," 91,620.00 "," 111,380.00 ",  ,  
06,California,2,CA,000000,Cross-industry,cross-industry,1235,15-1242,Database Administrators,detailed,7830,3.4,0.444,0.82,,, 54.92 ," 114,240.00 ", 1.70 , 27.53 , 36.65 , 52.88 , 68.62 , 82.97 ," 57,260.00 "," 76,230.00 "," 109,990.00 "," 142,720.00 "," 172,580.00 ",  ,  
08,Colorado,2,CO,000000,Cross-industry,cross-industry,1235,15-1242,Database Administrators,detailed,2200,12,0.797,1.46,,, 53.47 ," 111,210.00 ", 3.50 , 28.12 , 40.44 , 51.82 , 64.99 , 75.81 ," 58,500.00 "," 84,100.00 "," 107,780.00 "," 135,180.00 "," 157,680.00 ",  ,  
09,Connecticut,2,CT,000000,Cross-industry,cross-industry,1235,15-1242,Database Administrators,detailed,890,7,0.543,1,,, 55.24 ," 114,910.00 ", 3.60 , 29.83 , 40.74 , 52.70 , 66.97 , 78.27 ," 62,050.00 "," 84,750.00 "," 109,610.00 "," 139,310.00 "," 162,790.00 ",  ,  
10,Delaware,2,DE,000000,Cross-industry,cross-industry,1235,15-1242,Database Administrators,detailed,590,6.9,1.297,2.38,,, 50.30 ," 104,620.00 ", 2.00 , 27.57 , 32.43 , 48.35 , 65.37 , 69.59 ," 57,340.00 "," 67,450.00 "," 100,570.00 "," 135,970.00 "," 144,750.00 ",  ,  
11,District of Columbia,2,DC,000000,Cross-industry,cross-industry,1235,15-1242,Database Administrators,detailed,610,15.1,0.879,1.62,,, 53.62 ," 111,530.00 ", 5.80 , 29.45 , 36.53 , 51.93 , 67.53 , 73.54 ," 61,260.00 "," 75,980.00 "," 108,010.00 "," 140,460.00 "," 152,950.00 ",  ,  
12,Florida,2,FL,000000,Cross-industry,cross-industry,1235,15-1242,Database Administrators,detailed,5270,3.4,0.572,1.05,,, 48.20 ," 100,260.00 ", 1.60 , 24.29 , 32.39 , 47.01 , 61.70 , 70.95 ," 50,510.00 "," 67,360.00 "," 97,770.00 "," 128,330.00 "," 147,570.00 ",  ,  
13,Georgia,2,GA,000000,Cross-industry,cross-industry,1235,15-1242,Database Administrators,detailed,2950,8.8,0.639,1.17,,, 47.70 ," 99,220.00 ", 4.80 , 22.49 , 34.20 , 48.07 , 59.45 , 67.49 ," 46,790.00 "," 71,130.00 "," 99,980.00 "," 123,660.00 "," 140,370.00 ",  ,  
15,Hawaii,2,HI,000000,Cross-industry,cross-industry,1235,15-1242,Database Administrators,detailed,130,11.4,0.221,0.41,,, 46.17 ," 96,040.00 ", 6.00 , 25.46 , 29.60 , 48.07 , 62.77 , 64.78 ," 52,960.00 "," 61,570.00 "," 99,990.00 "," 130,560.00 "," 134,730.00 ",  ,  
16,Idaho,2,ID,000000,Cross-industry,cross-industry,1235,15-1242,Database Administrators,detailed,320,9.5,0.396,0.73,,, 36.63 ," 76,200.00 ", 11.40 , 20.65 , 25.23 , 32.27 , 42.85 , 60.45 ," 42,950.00 "," 52,470.00 "," 67,110.00 "," 89,130.00 "," 125,730.00 ",  ,  
17,Illinois,2,IL,000000,Cross-industry,cross-industry,1235,15-1242,Database Administrators,detailed,5000,5.4,0.849,1.56,,, 52.53 ," 109,270.00 ", 2.10 , 25.09 , 33.29 , 47.36 , 64.61 , 84.40 ," 52,180.00 "," 69,250.00 "," 98,500.00 "," 134,380.00 "," 175,560.00 ",  ,  
18,Indiana,2,IN,000000,Cross-industry,cross-industry,1235,15-1242,Database Administrators,detailed,1130,5.1,0.367,0.67,,, 39.24 ," 81,630.00 ", 2.60 , 22.26 , 28.90 , 36.93 , 49.50 , 59.45 ," 46,300.00 "," 60,120.00 "," 76,810.00 "," 102,960.00 "," 123,660.00 ",  ,  
19,Iowa,2,IA,000000,Cross-industry,cross-industry,1235,15-1242,Database Administrators,detailed,440,9.5,0.288,0.53,,, 44.29 ," 92,130.00 ", 2.10 , 29.02 , 32.61 , 41.65 , 53.09 , 65.03 ," 60,360.00 "," 67,830.00 "," 86,630.00 "," 110,430.00 "," 135,260.00 ",  ,  
20,Kansas,2,KS,000000,Cross-industry,cross-industry,1235,15-1242,Database Administrators,detailed,600,19.7,0.434,0.8,,, 47.63 ," 99,070.00 ", 6.30 , 28.82 , 37.04 , 49.61 , 60.95 , 61.76 ," 59,940.00 "," 77,040.00 "," 103,190.00 "," 126,770.00 "," 128,460.00 ",  ,  
21,Kentucky,2,KY,000000,Cross-industry,cross-industry,1235,15-1242,Database Administrators,detailed,740,7.7,0.388,0.71,,, 39.63 ," 82,420.00 ", 2.90 , 21.88 , 28.16 , 34.16 , 50.70 , 62.14 ," 45,510.00 "," 58,580.00 "," 71,050.00 "," 105,450.00 "," 129,240.00 ",  ,  
22,Louisiana,2,LA,000000,Cross-industry,cross-industry,1235,15-1242,Database Administrators,detailed,610,19,0.33,0.61,,, 49.43 ," 102,810.00 ", 4.70 , 28.02 , 39.26 , 54.42 , 54.42 , 54.42 ," 58,280.00 "," 81,650.00 "," 113,200.00 "," 113,200.00 "," 113,200.00 ",  ,  
23,Maine,2,ME,000000,Cross-industry,cross-industry,1235,15-1242,Database Administrators,detailed,220,16.2,0.366,0.67,,, 46.79 ," 97,330.00 ", 7.60 , 29.58 , 37.56 , 44.26 , 56.98 , 66.93 ," 61,520.00 "," 78,120.00 "," 92,060.00 "," 118,520.00 "," 139,200.00 ",  ,  
24,Maryland,2,MD,000000,Cross-industry,cross-industry,1235,15-1242,Database Administrators,detailed,2180,11,0.825,1.51,,, 56.23 ," 116,970.00 ", 3.60 , 29.46 , 40.61 , 53.85 , 66.16 , 86.08 ," 61,270.00 "," 84,470.00 "," 112,000.00 "," 137,610.00 "," 179,040.00 ",  ,  
25,Massachusetts,2,MA,000000,Cross-industry,cross-industry,1235,15-1242,Database Administrators,detailed,2300,5.1,0.644,1.18,,, 53.99 ," 112,300.00 ", 1.60 , 29.00 , 39.56 , 51.88 , 67.04 , 80.56 ," 60,320.00 "," 82,270.00 "," 107,910.00 "," 139,450.00 "," 167,550.00 ",  ,  
26,Michigan,2,MI,000000,Cross-industry,cross-industry,1235,15-1242,Database Administrators,detailed,1310,7.2,0.308,0.57,,, 41.57 ," 86,470.00 ", 2.30 , 26.37 , 30.60 , 40.37 , 50.88 , 58.84 ," 54,850.00 "," 63,650.00 "," 83,960.00 "," 105,830.00 "," 122,390.00 ",  ,  
27,Minnesota,2,MN,000000,Cross-industry,cross-industry,1235,15-1242,Database Administrators,detailed,1460,5.8,0.515,0.95,,, 46.94 ," 97,640.00 ", 1.30 , 27.85 , 36.04 , 45.40 , 58.34 , 66.05 ," 57,930.00 "," 74,960.00 "," 94,440.00 "," 121,350.00 "," 137,380.00 ",  ,  
28,Mississippi,2,MS,000000,Cross-industry,cross-industry,1235,15-1242,Database Administrators,detailed,240,12.9,0.213,0.39,,, 36.53 ," 75,980.00 ", 3.50 , 20.82 , 25.15 , 34.02 , 43.87 , 58.37 ," 43,310.00 "," 52,320.00 "," 70,760.00 "," 91,240.00 "," 121,420.00 ",  ,  
29,Missouri,2,MO,000000,Cross-industry,cross-industry,1235,15-1242,Database Administrators,detailed,1870,13.1,0.662,1.22,,, 43.54 ," 90,560.00 ", 3.90 , 17.62 , 25.73 , 41.09 , 58.14 , 66.15 ," 36,660.00 "," 53,520.00 "," 85,470.00 "," 120,930.00 "," 137,590.00 ",  ,  
30,Montana,2,MT,000000,Cross-industry,cross-industry,1235,15-1242,Database Administrators,detailed,200,5.8,0.408,0.75,,, 37.38 ," 77,750.00 ", 3.30 , 24.61 , 30.68 , 37.83 , 41.50 , 50.27 ," 51,180.00 "," 63,820.00 "," 78,690.00 "," 86,310.00 "," 104,570.00 ",  ,  
31,Nebraska,2,NE,000000,Cross-industry,cross-industry,1235,15-1242,Database Administrators,detailed,560,6.9,0.581,1.07,,, 43.28 ," 90,020.00 ", 2.90 , 22.77 , 30.91 , 41.98 , 52.18 , 67.10 ," 47,370.00 "," 64,290.00 "," 87,320.00 "," 108,530.00 "," 139,560.00 ",  ,  
32,Nevada,2,NV,000000,Cross-industry,cross-industry,1235,15-1242,Database Administrators,detailed,390,12.2,0.276,0.51,,, 43.68 ," 90,850.00 ", 6.00 , 25.83 , 34.93 , 41.19 , 52.52 , 59.01 ," 53,730.00 "," 72,650.00 "," 85,680.00 "," 109,230.00 "," 122,730.00 ",  ,  
33,New Hampshire,2,NH,000000,Cross-industry,cross-industry,1235,15-1242,Database Administrators,detailed,280,7.4,0.429,0.79,,, 53.69 ," 111,680.00 ", 2.20 , 31.61 , 43.01 , 51.34 , 65.95 , 68.35 ," 65,750.00 "," 89,460.00 "," 106,790.00 "," 137,170.00 "," 142,170.00 ",  ,  
34,New Jersey,2,NJ,000000,Cross-industry,cross-industry,1235,15-1242,Database Administrators,detailed,2400,6.1,0.584,1.07,,, 58.85 ," 122,410.00 ", 2.60 , 31.25 , 44.97 , 61.33 , 70.08 , 84.81 ," 65,000.00 "," 93,540.00 "," 127,560.00 "," 145,760.00 "," 176,390.00 ",  ,  
35,New Mexico,2,NM,000000,Cross-industry,cross-industry,1235,15-1242,Database Administrators,detailed,500,18.9,0.609,1.12,,, 41.42 ," 86,150.00 ", 5.50 , 27.43 , 31.93 , 40.56 , 48.88 , 61.53 ," 57,060.00 "," 66,420.00 "," 84,360.00 "," 101,660.00 "," 127,990.00 ",  ,  
36,New York,2,NY,000000,Cross-industry,cross-industry,1235,15-1242,Database Administrators,detailed,4310,3.6,0.473,0.87,,, 52.48 ," 109,150.00 ", 1.10 , 26.40 , 35.95 , 50.00 , 66.52 , 84.25 ," 54,910.00 "," 74,780.00 "," 104,000.00 "," 138,360.00 "," 175,230.00 ",  ,  
37,North Carolina,2,NC,000000,Cross-industry,cross-industry,1235,15-1242,Database Administrators,detailed,2240,3.8,0.482,0.89,,, 49.18 ," 102,300.00 ", 1.20 , 26.41 , 36.02 , 49.88 , 62.93 , 69.58 ," 54,940.00 "," 74,920.00 "," 103,750.00 "," 130,890.00 "," 144,720.00 ",  ,  
38,North Dakota,2,ND,000000,Cross-industry,cross-industry,1235,15-1242,Database Administrators,detailed,110,14.4,0.261,0.48,,, 36.88 ," 76,720.00 ", 6.40 , 19.88 , 22.65 , 31.02 , 54.76 , 59.13 ," 41,350.00 "," 47,110.00 "," 64,520.00 "," 113,900.00 "," 122,980.00 ",  ,  
39,Ohio,2,OH,000000,Cross-industry,cross-industry,1235,15-1242,Database Administrators,detailed,2130,15.2,0.396,0.73,,, 43.85 ," 91,200.00 ", 5.00 , 23.77 , 30.95 , 42.67 , 55.32 , 64.85 ," 49,430.00 "," 64,380.00 "," 88,760.00 "," 115,070.00 "," 134,890.00 ",  ,  
40,Oklahoma,2,OK,000000,Cross-industry,cross-industry,1235,15-1242,Database Administrators,detailed,1100,6.4,0.686,1.26,,, 38.07 ," 79,190.00 ", 1.70 , 22.97 , 26.88 , 37.10 , 47.46 , 56.38 ," 47,780.00 "," 55,920.00 "," 77,170.00 "," 98,710.00 "," 117,260.00 ",  ,  
41,Oregon,2,OR,000000,Cross-industry,cross-industry,1235,15-1242,Database Administrators,detailed,760,5.9,0.4,0.73,,, 47.97 ," 99,770.00 ", 2.00 , 26.28 , 33.76 , 48.19 , 60.01 , 69.81 ," 54,660.00 "," 70,220.00 "," 100,240.00 "," 124,820.00 "," 145,200.00 ",  ,  
42,Pennsylvania,2,PA,000000,Cross-industry,cross-industry,1235,15-1242,Database Administrators,detailed,2660,6,0.457,0.84,,, 43.07 ," 89,590.00 ", 1.90 , 23.53 , 29.38 , 41.07 , 54.28 , 64.69 ," 48,940.00 "," 61,100.00 "," 85,430.00 "," 112,910.00 "," 134,560.00 ",  ,  
44,Rhode Island,2,RI,000000,Cross-industry,cross-industry,1235,15-1242,Database Administrators,detailed,280,7.2,0.583,1.07,,, 55.45 ," 115,340.00 ", 1.60 , 33.65 , 44.61 , 52.66 , 63.79 , 76.01 ," 69,990.00 "," 92,790.00 "," 109,540.00 "," 132,670.00 "," 158,100.00 ",  ,  
45,South Carolina,2,SC,000000,Cross-industry,cross-industry,1235,15-1242,Database Administrators,detailed,750,6.1,0.348,0.64,,, 44.57 ," 92,710.00 ", 2.50 , 25.84 , 32.00 , 43.73 , 53.51 , 64.55 ," 53,750.00 "," 66,560.00 "," 90,960.00 "," 111,300.00 "," 134,260.00 ",  ,  
46,South Dakota,2,SD,000000,Cross-industry,cross-industry,1235,15-1242,Database Administrators,detailed,150,9.5,0.352,0.65,,, 38.84 ," 80,780.00 ", 1.80 , 24.87 , 33.47 , 38.71 , 44.41 , 51.78 ," 51,740.00 "," 69,620.00 "," 80,520.00 "," 92,370.00 "," 107,710.00 ",  ,  
47,Tennessee,2,TN,000000,Cross-industry,cross-industry,1235,15-1242,Database Administrators,detailed,1630,17.1,0.523,0.96,,, 50.92 ," 105,920.00 ", 5.60 , 24.89 , 38.92 , 50.33 , 62.55 , 75.00 ," 51,760.00 "," 80,950.00 "," 104,690.00 "," 130,090.00 "," 156,000.00 ",  ,  
48,Texas,2,TX,000000,Cross-industry,cross-industry,1235,15-1242,Database Administrators,detailed,6710,4.2,0.516,0.95,,, 49.96 ," 103,910.00 ", 1.50 , 26.85 , 37.50 , 50.00 , 62.96 , 69.19 ," 55,840.00 "," 78,000.00 "," 104,000.00 "," 130,950.00 "," 143,910.00 ",  ,  
49,Utah,2,UT,000000,Cross-industry,cross-industry,1235,15-1242,Database Administrators,detailed,960,8.3,0.589,1.08,,, 45.48 ," 94,610.00 ", 2.40 , 19.15 , 29.75 , 43.77 , 60.19 , 72.50 ," 39,820.00 "," 61,870.00 "," 91,030.00 "," 125,190.00 "," 150,800.00 ",  ,  
51,Virginia,2,VA,000000,Cross-industry,cross-industry,1235,15-1242,Database Administrators,detailed,5650,7.5,1.458,2.68,,, 49.66 ," 103,300.00 ", 2.40 , 25.76 , 33.94 , 47.70 , 62.40 , 78.89 ," 53,570.00 "," 70,600.00 "," 99,220.00 "," 129,790.00 "," 164,080.00 ",  ,  
53,Washington,2,WA,000000,Cross-industry,cross-industry,1235,15-1242,Database Administrators,detailed,1840,12,0.54,0.99,,, 52.69 ," 109,590.00 ", 3.80 , 29.15 , 38.61 , 50.83 , 66.46 , 78.14 ," 60,630.00 "," 80,310.00 "," 105,730.00 "," 138,240.00 "," 162,530.00 ",  ,  
54,West Virginia,2,WV,000000,Cross-industry,cross-industry,1235,15-1242,Database Administrators,detailed,300,7.2,0.444,0.81,,, 33.74 ," 70,180.00 ", 2.00 , 23.25 , 25.01 , 30.04 , 38.79 , 49.64 ," 48,350.00 "," 52,020.00 "," 62,480.00 "," 80,680.00 "," 103,250.00 ",  ,  
55,Wisconsin,2,WI,000000,Cross-industry,cross-industry,1235,15-1242,Database Administrators,detailed,1120,5.5,0.398,0.73,,, 44.99 ," 93,590.00 ", 2.30 , 25.26 , 31.89 , 44.54 , 56.26 , 66.94 ," 52,550.00 "," 66,330.00 "," 92,630.00 "," 117,020.00 "," 139,220.00 ",  ,  
56,Wyoming,2,WY,000000,Cross-industry,cross-industry,1235,15-1242,Database Administrators,detailed,110,9.2,0.415,0.76,,, 35.30 ," 73,420.00 ", 3.50 , 24.03 , 26.24 , 34.24 , 43.97 , 52.24 ," 49,980.00 "," 54,570.00 "," 71,220.00 "," 91,470.00 "," 108,650.00 ",  ,  
01,Alabama,2,AL,000000,Cross-industry,cross-industry,1235,15-1243,Database Architects,detailed,310,12.1,0.156,0.37,,, 57.50 ," 119,590.00 ", 3.90 , 33.06 , 39.66 , 57.41 , 67.18 , 93.09 ," 68,770.00 "," 82,480.00 "," 119,410.00 "," 139,730.00 "," 193,630.00 ",  ,  
02,Alaska,2,AK,000000,Cross-industry,cross-industry,1235,15-1243,Database Architects,detailed,50,33.5,0.16,0.38,,, 52.35 ," 108,900.00 ", 2.80 , 30.50 , 47.37 , 53.25 , 59.34 , 68.19 ," 63,440.00 "," 98,540.00 "," 110,760.00 "," 123,430.00 "," 141,840.00 ",  ,  
04,Arizona,2,AZ,000000,Cross-industry,cross-industry,1235,15-1243,Database Architects,detailed,1100,8.9,0.362,0.86,,, 58.92 ," 122,560.00 ", 5.50 , 23.13 , 37.46 , 59.47 , 70.93 , 82.25 ," 48,100.00 "," 77,910.00 "," 123,700.00 "," 147,520.00 "," 171,070.00 ",  ,  
05,Arkansas,2,AR,000000,Cross-industry,cross-industry,1235,15-1243,Database Architects,detailed,300,8.9,0.242,0.57,,, 46.74 ," 97,210.00 ", 2.30 , 32.88 , 36.45 , 41.37 , 51.36 , 67.35 ," 68,400.00 "," 75,820.00 "," 86,060.00 "," 106,820.00 "," 140,080.00 ",  ,  
06,California,2,CA,000000,Cross-industry,cross-industry,1235,15-1243,Database Architects,detailed,4810,4.1,0.273,0.65,,, 73.54 ," 152,960.00 ", 1.40 , 38.75 , 56.77 , 74.66 , 86.70 , 104.65 ," 80,610.00 "," 118,080.00 "," 155,290.00 "," 180,330.00 "," 217,680.00 ",  ,  
08,Colorado,2,CO,000000,Cross-industry,cross-industry,1235,15-1243,Database Architects,detailed,4580,9.2,1.657,3.92,,, 62.47 ," 129,930.00 ", 2.40 , 49.23 , 49.93 , 63.64 , 74.09 , 81.71 ," 102,390.00 "," 103,840.00 "," 132,360.00 "," 154,110.00 "," 169,960.00 ",  ,  
09,Connecticut,2,CT,000000,Cross-industry,cross-industry,1235,15-1243,Database Architects,detailed,640,14.1,0.392,0.93,,, 61.09 ," 127,060.00 ", 4.70 , 35.71 , 50.17 , 62.83 , 68.22 , 82.23 ," 74,280.00 "," 104,350.00 "," 130,680.00 "," 141,890.00 "," 171,050.00 ",  ,  
10,Delaware,2,DE,000000,Cross-industry,cross-industry,1235,15-1243,Database Architects,detailed,90,24.7,0.196,0.46,,, 68.50 ," 142,470.00 ", 3.70 , 56.28 , 62.22 , 65.36 , 73.41 , 80.08 ," 117,070.00 "," 129,410.00 "," 135,960.00 "," 152,700.00 "," 166,570.00 ",  ,  
11,District of Columbia,2,DC,000000,Cross-industry,cross-industry,1235,15-1243,Database Architects,detailed,610,17.3,0.878,2.08,,, 68.18 ," 141,820.00 ", 4.10 , 40.45 , 55.97 , 67.97 , 81.83 , 93.46 ," 84,140.00 "," 116,420.00 "," 141,380.00 "," 170,210.00 "," 194,390.00 ",  ,  
12,Florida,2,FL,000000,Cross-industry,cross-industry,1235,15-1243,Database Architects,detailed,1770,9.7,0.192,0.45,,, 63.64 ," 132,370.00 ", 5.50 , 35.58 , 50.49 , 62.00 , 76.12 , 86.02 ," 74,000.00 "," 105,010.00 "," 128,950.00 "," 158,330.00 "," 178,930.00 ",  ,  
13,Georgia,2,GA,000000,Cross-industry,cross-industry,1235,15-1243,Database Architects,detailed,2970,38.4,0.643,1.52,,, 66.56 ," 138,450.00 ", 13.20 , 38.18 , 53.62 , 66.65 , 83.95 , 83.95 ," 79,410.00 "," 111,520.00 "," 138,630.00 "," 174,610.00 "," 174,610.00 ",  ,  
15,Hawaii,2,HI,000000,Cross-industry,cross-industry,1235,15-1243,Database Architects,detailed,50,15.9,0.081,0.19,,, 52.36 ," 108,910.00 ", 2.50 , 33.30 , 40.86 , 51.78 , 60.68 , 78.72 ," 69,270.00 "," 84,990.00 "," 107,700.00 "," 126,220.00 "," 163,740.00 ",  ,  
16,Idaho,2,ID,000000,Cross-industry,cross-industry,1235,15-1243,Database Architects,detailed,190,24.3,0.24,0.57,,, 60.80 ," 126,450.00 ", 7.90 , 31.23 , 42.23 , 63.59 , 72.12 , 93.37 ," 64,960.00 "," 87,840.00 "," 132,260.00 "," 150,000.00 "," 194,220.00 ",  ,  
17,Illinois,2,IL,000000,Cross-industry,cross-industry,1235,15-1243,Database Architects,detailed,1520,7.2,0.258,0.61,,, 63.52 ," 132,120.00 ", 2.60 , 39.46 , 50.00 , 63.87 , 75.01 , 88.61 ," 82,080.00 "," 104,000.00 "," 132,840.00 "," 156,020.00 "," 184,310.00 ",  ,  
18,Indiana,2,IN,000000,Cross-industry,cross-industry,1235,15-1243,Database Architects,detailed,540,20.1,0.176,0.42,,, 44.13 ," 91,780.00 ", 4.80 , 28.34 , 31.25 , 43.52 , 52.00 , 61.77 ," 58,940.00 "," 65,000.00 "," 90,520.00 "," 108,150.00 "," 128,480.00 ",  ,  
19,Iowa,2,IA,000000,Cross-industry,cross-industry,1235,15-1243,Database Architects,detailed,280,6,0.185,0.44,,, 59.98 ," 124,760.00 ", 1.40 , 41.52 , 50.87 , 59.82 , 66.69 , 81.16 ," 86,360.00 "," 105,820.00 "," 124,420.00 "," 138,720.00 "," 168,820.00 ",  ,  
21,Kentucky,2,KY,000000,Cross-industry,cross-industry,1235,15-1243,Database Architects,detailed,750,13.2,0.393,0.93,,, 47.79 ," 99,400.00 ", 4.20 , 28.46 , 31.76 , 48.76 , 59.05 , 67.68 ," 59,190.00 "," 66,060.00 "," 101,420.00 "," 122,830.00 "," 140,760.00 ",  ,  
23,Maine,2,ME,000000,Cross-industry,cross-industry,1235,15-1243,Database Architects,detailed,80,23.9,0.138,0.33,,, 62.73 ," 130,480.00 ", 3.20 , 44.78 , 53.20 , 63.34 , 74.71 , 78.82 ," 93,150.00 "," 110,650.00 "," 131,750.00 "," 155,400.00 "," 163,940.00 ",  ,  
24,Maryland,2,MD,000000,Cross-industry,cross-industry,1235,15-1243,Database Architects,detailed,900,11.3,0.34,0.8,,, 73.19 ," 152,230.00 ", 5.50 , 36.41 , 54.34 , 69.74 , 101.65 , 107.15 ," 75,740.00 "," 113,020.00 "," 145,050.00 "," 211,430.00 "," 222,880.00 ",  ,  
25,Massachusetts,2,MA,000000,Cross-industry,cross-industry,1235,15-1243,Database Architects,detailed,1490,10.9,0.418,0.99,,, 69.60 ," 144,770.00 ", 3.10 , 41.58 , 56.87 , 67.96 , 82.72 , 96.93 ," 86,480.00 "," 118,290.00 "," 141,360.00 "," 172,060.00 "," 201,620.00 ",  ,  
26,Michigan,2,MI,000000,Cross-industry,cross-industry,1235,15-1243,Database Architects,detailed,1180,14.8,0.278,0.66,,, 43.47 ," 90,420.00 ", 5.80 , 33.49 , 33.49 , 37.46 , 50.64 , 63.29 ," 69,650.00 "," 69,650.00 "," 77,910.00 "," 105,320.00 "," 131,640.00 ",  ,  
27,Minnesota,2,MN,000000,Cross-industry,cross-industry,1235,15-1243,Database Architects,detailed,580,7.5,0.206,0.49,,, 58.09 ," 120,830.00 ", 1.40 , 40.25 , 48.27 , 58.57 , 65.92 , 78.23 ," 83,710.00 "," 100,400.00 "," 121,820.00 "," 137,110.00 "," 162,720.00 ",  ,  
28,Mississippi,2,MS,000000,Cross-industry,cross-industry,1235,15-1243,Database Architects,detailed,90,25.1,0.078,0.18,,, 46.28 ," 96,260.00 ", 5.80 , 20.55 , 28.50 , 50.75 , 58.75 , 68.49 ," 42,740.00 "," 59,280.00 "," 105,550.00 "," 122,200.00 "," 142,460.00 ",  ,  
29,Missouri,2,MO,000000,Cross-industry,cross-industry,1235,15-1243,Database Architects,detailed,1370,13.3,0.487,1.15,,, 51.52 ," 107,150.00 ", 3.70 , 23.84 , 35.39 , 49.24 , 65.22 , 79.97 ," 49,590.00 "," 73,610.00 "," 102,430.00 "," 135,650.00 "," 166,340.00 ",  ,  
30,Montana,2,MT,000000,Cross-industry,cross-industry,1235,15-1243,Database Architects,detailed,30,20,0.063,0.15,,, 50.60 ," 105,250.00 ", 5.10 , 40.71 , 40.76 , 51.35 , 52.86 , 65.88 ," 84,670.00 "," 84,790.00 "," 106,810.00 "," 109,960.00 "," 137,030.00 ",  ,  
31,Nebraska,2,NE,000000,Cross-industry,cross-industry,1235,15-1243,Database Architects,detailed,550,7.4,0.57,1.35,,, 56.01 ," 116,500.00 ", 1.80 , 40.90 , 46.39 , 52.67 , 62.38 , 72.11 ," 85,080.00 "," 96,480.00 "," 109,560.00 "," 129,750.00 "," 149,990.00 ",  ,  
32,Nevada,2,NV,000000,Cross-industry,cross-industry,1235,15-1243,Database Architects,detailed,250,16.4,0.176,0.42,,, 41.88 ," 87,110.00 ", 7.90 , 19.13 , 24.12 , 41.02 , 53.89 , 69.03 ," 39,780.00 "," 50,180.00 "," 85,330.00 "," 112,100.00 "," 143,570.00 ",  ,  
33,New Hampshire,2,NH,000000,Cross-industry,cross-industry,1235,15-1243,Database Architects,detailed,290,10.8,0.448,1.06,,, 60.30 ," 125,420.00 ", 5.00 , 38.87 , 46.60 , 59.52 , 66.39 , 84.65 ," 80,860.00 "," 96,920.00 "," 123,790.00 "," 138,080.00 "," 176,060.00 ",  ,  
34,New Jersey,2,NJ,000000,Cross-industry,cross-industry,1235,15-1243,Database Architects,detailed,1260,5.9,0.307,0.73,,, 70.13 ," 145,870.00 ", 1.20 , 44.48 , 56.75 , 69.58 , 82.46 , 93.43 ," 92,520.00 "," 118,040.00 "," 144,730.00 "," 171,520.00 "," 194,330.00 ",  ,  
35,New Mexico,2,NM,000000,Cross-industry,cross-industry,1235,15-1243,Database Architects,detailed,150,28.2,0.181,0.43,,, 53.24 ," 110,740.00 ", 4.00 , 28.11 , 42.61 , 57.99 , 64.24 , 72.16 ," 58,470.00 "," 88,620.00 "," 120,610.00 "," 133,620.00 "," 150,090.00 ",  ,  
36,New York,2,NY,000000,Cross-industry,cross-industry,1235,15-1243,Database Architects,detailed,3860,6.1,0.423,1,,, 66.06 ," 137,390.00 ", 1.80 , 35.96 , 49.64 , 66.29 , 81.72 , 90.32 ," 74,790.00 "," 103,240.00 "," 137,880.00 "," 169,980.00 "," 187,870.00 ",  ,  
37,North Carolina,2,NC,000000,Cross-industry,cross-industry,1235,15-1243,Database Architects,detailed,2800,10.1,0.602,1.42,,, 59.64 ," 124,060.00 ", 6.80 , 35.63 , 43.08 , 59.59 , 67.72 , 84.06 ," 74,100.00 "," 89,600.00 "," 123,950.00 "," 140,850.00 "," 174,840.00 ",  ,  
38,North Dakota,2,ND,000000,Cross-industry,cross-industry,1235,15-1243,Database Architects,detailed,50,5.8,0.122,0.29,,, 47.02 ," 97,790.00 ", 1.80 , 34.25 , 43.79 , 47.32 , 50.54 , 55.22 ," 71,240.00 "," 91,090.00 "," 98,420.00 "," 105,120.00 "," 114,850.00 ",  ,  
39,Ohio,2,OH,000000,Cross-industry,cross-industry,1235,15-1243,Database Architects,detailed,1260,26,0.235,0.56,,, 55.70 ," 115,860.00 ", 6.30 , 35.79 , 44.19 , 57.82 , 66.26 , 76.56 ," 74,450.00 "," 91,900.00 "," 120,260.00 "," 137,820.00 "," 159,240.00 ",  ,  
40,Oklahoma,2,OK,000000,Cross-industry,cross-industry,1235,15-1243,Database Architects,detailed,460,22.5,0.285,0.68,,, 57.84 ," 120,310.00 ", 7.70 , 31.87 , 41.62 , 55.00 , 66.93 , 72.22 ," 66,280.00 "," 86,560.00 "," 114,400.00 "," 139,210.00 "," 150,210.00 ",  ,  
41,Oregon,2,OR,000000,Cross-industry,cross-industry,1235,15-1243,Database Architects,detailed,560,8.5,0.295,0.7,,, 60.19 ," 125,200.00 ", 2.10 , 42.83 , 46.15 , 61.44 , 67.25 , 82.76 ," 89,090.00 "," 95,990.00 "," 127,780.00 "," 139,880.00 "," 172,130.00 ",  ,  
42,Pennsylvania,2,PA,000000,Cross-industry,cross-industry,1235,15-1243,Database Architects,detailed,2940,8.8,0.506,1.2,,, 57.78 ," 120,180.00 ", 3.70 , 24.39 , 41.15 , 58.86 , 74.59 , 83.47 ," 50,740.00 "," 85,590.00 "," 122,440.00 "," 155,150.00 "," 173,620.00 ",  ,  
44,Rhode Island,2,RI,000000,Cross-industry,cross-industry,1235,15-1243,Database Architects,detailed,40,13.5,0.085,0.2,,, 60.77 ," 126,390.00 ", 2.30 , 47.86 , 47.86 , 61.99 , 71.63 , 84.61 ," 99,550.00 "," 99,550.00 "," 128,940.00 "," 148,990.00 "," 175,990.00 ",  ,  
45,South Carolina,2,SC,000000,Cross-industry,cross-industry,1235,15-1243,Database Architects,detailed,540,8,0.249,0.59,,, 55.79 ," 116,040.00 ", 2.40 , 30.95 , 45.71 , 56.60 , 65.04 , 81.73 ," 64,370.00 "," 95,080.00 "," 117,730.00 "," 135,290.00 "," 170,000.00 ",  ,  
47,Tennessee,2,TN,000000,Cross-industry,cross-industry,1235,15-1243,Database Architects,detailed,320,11.6,0.103,0.24,,, 54.87 ," 114,130.00 ", 5.40 , 33.45 , 43.06 , 55.02 , 65.38 , 75.73 ," 69,570.00 "," 89,570.00 "," 114,440.00 "," 135,980.00 "," 157,510.00 ",  ,  
48,Texas,2,TX,000000,Cross-industry,cross-industry,1235,15-1243,Database Architects,detailed,7140,8.2,0.549,1.3,,, 70.66 ," 146,970.00 ", 3.40 , 46.70 , 58.61 , 73.98 , 86.96 , 88.39 ," 97,140.00 "," 121,910.00 "," 153,870.00 "," 180,870.00 "," 183,850.00 ",  ,  
49,Utah,2,UT,000000,Cross-industry,cross-industry,1235,15-1243,Database Architects,detailed,**,**,**,**,,, 70.08 ," 145,760.00 ", 7.00 , 53.70 , 68.06 , 75.00 , 75.00 , 75.00 ," 111,700.00 "," 141,560.00 "," 156,000.00 "," 156,000.00 "," 156,000.00 ",  ,  
50,Vermont,2,VT,000000,Cross-industry,cross-industry,1235,15-1243,Database Architects,detailed,80,34.2,0.257,0.61,,, 58.49 ," 121,650.00 ", 13.70 , 34.78 , 48.03 , 57.57 , 83.18 , 86.93 ," 72,340.00 "," 99,890.00 "," 119,740.00 "," 173,000.00 "," 180,810.00 ",  ,  
51,Virginia,2,VA,000000,Cross-industry,cross-industry,1235,15-1243,Database Architects,detailed,6860,11,1.771,4.19,,, * , * , * , * , * , * , * , * , * , * , * , * , * ,  ,  
53,Washington,2,WA,000000,Cross-industry,cross-industry,1235,15-1243,Database Architects,detailed,3220,12.4,0.946,2.24,,, 76.76 ," 159,650.00 ", 3.30 , 48.83 , 61.63 , 81.53 , 94.42 , 94.42 ," 101,570.00 "," 128,190.00 "," 169,580.00 "," 196,390.00 "," 196,390.00 ",  ,  
54,West Virginia,2,WV,000000,Cross-industry,cross-industry,1235,15-1243,Database Architects,detailed,100,27.5,0.143,0.34,,, 60.63 ," 126,100.00 ", 13.50 , 29.89 , 42.52 , 61.95 , 80.81 , 83.12 ," 62,170.00 "," 88,440.00 "," 128,860.00 "," 168,090.00 "," 172,890.00 ",  ,  
55,Wisconsin,2,WI,000000,Cross-industry,cross-industry,1235,15-1243,Database Architects,detailed,610,9.1,0.216,0.51,,, 58.54 ," 121,770.00 ", 1.80 , 40.03 , 48.49 , 61.24 , 66.36 , 78.22 ," 83,260.00 "," 100,860.00 "," 127,380.00 "," 138,030.00 "," 162,700.00 ",  ,  
01,Alabama,2,AL,000000,Cross-industry,cross-industry,1235,15-2051,Data Scientists,detailed,**,**,**,**,,, 44.03 ," 91,570.00 ", 4.30 , 25.12 , 31.77 , 41.29 , 53.00 , 66.56 ," 52,260.00 "," 66,080.00 "," 85,870.00 "," 110,240.00 "," 138,450.00 ",  ,  
02,Alaska,2,AK,000000,Cross-industry,cross-industry,1235,15-2051,Data Scientists,detailed,150,12,0.483,0.45,,, 49.91 ," 103,810.00 ", 2.80 , 29.87 , 35.93 , 48.09 , 62.91 , 77.07 ," 62,130.00 "," 74,740.00 "," 100,040.00 "," 130,860.00 "," 160,310.00 ",  ,  
04,Arizona,2,AZ,000000,Cross-industry,cross-industry,1235,15-2051,Data Scientists,detailed,2860,18,0.944,0.87,,, 50.11 ," 104,220.00 ", 5.20 , 29.79 , 37.61 , 49.41 , 60.90 , 75.67 ," 61,970.00 "," 78,220.00 "," 102,770.00 "," 126,670.00 "," 157,390.00 ",  ,  
06,California,2,CA,000000,Cross-industry,cross-industry,1235,15-2051,Data Scientists,detailed,29420,2.7,1.668,1.55,,, 70.86 ," 147,390.00 ", 1.40 , 30.73 , 40.87 , 60.97 , 82.16 , 110.95 ," 63,920.00 "," 85,010.00 "," 126,810.00 "," 170,890.00 "," 230,780.00 ",  ,  
08,Colorado,2,CO,000000,Cross-industry,cross-industry,1235,15-2051,Data Scientists,detailed,3540,8.3,1.278,1.18,,, 56.04 ," 116,560.00 ", 1.70 , 29.88 , 38.16 , 49.62 , 64.90 , 79.78 ," 62,140.00 "," 79,370.00 "," 103,200.00 "," 134,990.00 "," 165,930.00 ",  ,  
09,Connecticut,2,CT,000000,Cross-industry,cross-industry,1235,15-2051,Data Scientists,detailed,950,6.6,0.58,0.54,,, 52.99 ," 110,220.00 ", 2.60 , 25.15 , 36.03 , 50.82 , 64.34 , 80.66 ," 52,310.00 "," 74,940.00 "," 105,700.00 "," 133,820.00 "," 167,760.00 ",  ,  
10,Delaware,2,DE,000000,Cross-industry,cross-industry,1235,15-2051,Data Scientists,detailed,480,24.3,1.047,0.97,,, 64.10 ," 133,320.00 ", 2.90 , 45.45 , 51.09 , 63.61 , 80.65 , 81.95 ," 94,530.00 "," 106,260.00 "," 132,300.00 "," 167,760.00 "," 170,450.00 ",  ,  
11,District of Columbia,2,DC,000000,Cross-industry,cross-industry,1235,15-2051,Data Scientists,detailed,3200,17.9,4.638,4.3,,, 52.98 ," 110,190.00 ", 8.00 , 27.95 , 40.55 , 46.95 , 62.70 , 85.76 ," 58,130.00 "," 84,340.00 "," 97,660.00 "," 130,410.00 "," 178,370.00 ",  ,  
12,Florida,2,FL,000000,Cross-industry,cross-industry,1235,15-2051,Data Scientists,detailed,8190,4.9,0.889,0.82,,, 48.45 ," 100,780.00 ", 1.70 , 25.43 , 33.74 , 48.33 , 61.45 , 67.15 ," 52,900.00 "," 70,170.00 "," 100,520.00 "," 127,810.00 "," 139,670.00 ",  ,  
13,Georgia,2,GA,000000,Cross-industry,cross-industry,1235,15-2051,Data Scientists,detailed,5650,5.5,1.225,1.14,,, 51.16 ," 106,400.00 ", 2.90 , 29.43 , 37.18 , 48.27 , 63.22 , 76.98 ," 61,210.00 "," 77,330.00 "," 100,400.00 "," 131,490.00 "," 160,110.00 ",  ,  
15,Hawaii,2,HI,000000,Cross-industry,cross-industry,1235,15-2051,Data Scientists,detailed,90,17.6,0.155,0.14,,, 49.75 ," 103,470.00 ", 6.30 , 19.64 , 30.28 , 54.01 , 59.48 , 76.04 ," 40,860.00 "," 62,990.00 "," 112,330.00 "," 123,720.00 "," 158,170.00 ",  ,  
16,Idaho,2,ID,000000,Cross-industry,cross-industry,1235,15-2051,Data Scientists,detailed,250,22.9,0.311,0.29,,, 45.92 ," 95,520.00 ", 3.20 , 30.21 , 36.06 , 46.39 , 55.91 , 61.07 ," 62,830.00 "," 75,000.00 "," 96,490.00 "," 116,280.00 "," 127,020.00 ",  ,  
17,Illinois,2,IL,000000,Cross-industry,cross-industry,1235,15-2051,Data Scientists,detailed,6350,5.3,1.079,1,,, 52.82 ," 109,870.00 ", 1.10 , 28.36 , 38.17 , 49.87 , 63.66 , 80.65 ," 58,980.00 "," 79,400.00 "," 103,730.00 "," 132,410.00 "," 167,760.00 ",  ,  
18,Indiana,2,IN,000000,Cross-industry,cross-industry,1235,15-2051,Data Scientists,detailed,2200,7.3,0.712,0.66,,, 37.93 ," 78,890.00 ", 3.30 , 21.95 , 27.46 , 36.52 , 46.85 , 53.92 ," 45,650.00 "," 57,120.00 "," 75,970.00 "," 97,450.00 "," 112,150.00 ",  ,  
19,Iowa,2,IA,000000,Cross-industry,cross-industry,1235,15-2051,Data Scientists,detailed,1970,2.3,1.299,1.2,,, 45.28 ," 94,190.00 ", 1.20 , 24.51 , 33.00 , 45.61 , 53.28 , 64.44 ," 50,980.00 "," 68,650.00 "," 94,860.00 "," 110,820.00 "," 134,040.00 ",  ,  
20,Kansas,2,KS,000000,Cross-industry,cross-industry,1235,15-2051,Data Scientists,detailed,430,32,0.309,0.29,,, 45.63 ," 94,920.00 ", 7.60 , 39.01 , 42.72 , 42.72 , 46.76 , 59.99 ," 81,140.00 "," 88,860.00 "," 88,860.00 "," 97,260.00 "," 124,780.00 ",  ,  
21,Kentucky,2,KY,000000,Cross-industry,cross-industry,1235,15-2051,Data Scientists,detailed,**,**,**,**,,, 41.57 ," 86,470.00 ", 3.80 , 25.43 , 33.18 , 39.42 , 48.00 , 60.67 ," 52,890.00 "," 69,010.00 "," 81,990.00 "," 99,830.00 "," 126,190.00 ",  ,  
22,Louisiana,2,LA,000000,Cross-industry,cross-industry,1235,15-2051,Data Scientists,detailed,580,10,0.313,0.29,,, 34.48 ," 71,710.00 ", 3.40 , 25.00 , 29.57 , 31.45 , 38.51 , 43.59 ," 52,010.00 "," 61,510.00 "," 65,410.00 "," 80,090.00 "," 90,660.00 ",  ,  
23,Maine,2,ME,000000,Cross-industry,cross-industry,1235,15-2051,Data Scientists,detailed,800,9.2,1.311,1.21,,, 48.60 ," 101,080.00 ", 4.90 , 30.84 , 35.75 , 46.01 , 63.07 , 66.80 ," 64,140.00 "," 74,360.00 "," 95,700.00 "," 131,190.00 "," 138,940.00 ",  ,  
24,Maryland,2,MD,000000,Cross-industry,cross-industry,1235,15-2051,Data Scientists,detailed,2010,13.3,0.76,0.7,,, 57.19 ," 118,960.00 ", 3.00 , 32.62 , 42.09 , 56.60 , 70.67 , 80.26 ," 67,860.00 "," 87,560.00 "," 117,730.00 "," 147,000.00 "," 166,940.00 ",  ,  
25,Massachusetts,2,MA,000000,Cross-industry,cross-industry,1235,15-2051,Data Scientists,detailed,**,**,**,**,,, 57.86 ," 120,340.00 ", 4.50 , 34.24 , 39.63 , 51.00 , 66.39 , 84.74 ," 71,220.00 "," 82,430.00 "," 106,070.00 "," 138,080.00 "," 176,260.00 ",  ,  
26,Michigan,2,MI,000000,Cross-industry,cross-industry,1235,15-2051,Data Scientists,detailed,3900,8.9,0.918,0.85,,, 44.62 ," 92,820.00 ", 3.90 , 26.25 , 33.37 , 41.09 , 51.52 , 63.21 ," 54,600.00 "," 69,410.00 "," 85,470.00 "," 107,170.00 "," 131,480.00 ",  ,  
27,Minnesota,2,MN,000000,Cross-industry,cross-industry,1235,15-2051,Data Scientists,detailed,1600,5.5,0.567,0.53,,, 53.72 ," 111,740.00 ", 0.80 , 37.06 , 42.99 , 51.41 , 64.11 , 75.67 ," 77,090.00 "," 89,420.00 "," 106,920.00 "," 133,340.00 "," 157,390.00 ",  ,  
28,Mississippi,2,MS,000000,Cross-industry,cross-industry,1235,15-2051,Data Scientists,detailed,**,**,**,**,,, 31.70 ," 65,940.00 ", 5.40 , 14.89 , 19.15 , 27.38 , 37.67 , 50.98 ," 30,980.00 "," 39,830.00 "," 56,950.00 "," 78,360.00 "," 106,040.00 ",  ,  
29,Missouri,2,MO,000000,Cross-industry,cross-industry,1235,15-2051,Data Scientists,detailed,4020,12.4,1.425,1.32,,, 39.36 ," 81,860.00 ", 2.30 , 22.67 , 29.13 , 37.88 , 48.88 , 60.55 ," 47,150.00 "," 60,580.00 "," 78,780.00 "," 101,670.00 "," 125,940.00 ",  ,  
30,Montana,2,MT,000000,Cross-industry,cross-industry,1235,15-2051,Data Scientists,detailed,90,19.8,0.192,0.18,,, 35.93 ," 74,720.00 ", 10.20 , 24.15 , 24.15 , 36.16 , 43.41 , 50.18 ," 50,230.00 "," 50,230.00 "," 75,200.00 "," 90,280.00 "," 104,370.00 ",  ,  
31,Nebraska,2,NE,000000,Cross-industry,cross-industry,1235,15-2051,Data Scientists,detailed,1310,7.1,1.346,1.25,,, 42.95 ," 89,340.00 ", 2.30 , 27.73 , 36.02 , 40.62 , 49.53 , 57.24 ," 57,680.00 "," 74,920.00 "," 84,490.00 "," 103,030.00 "," 119,070.00 ",  ,  
32,Nevada,2,NV,000000,Cross-industry,cross-industry,1235,15-2051,Data Scientists,detailed,850,14.3,0.6,0.56,,, 46.57 ," 96,870.00 ", 8.30 , 28.84 , 28.84 , 39.48 , 54.76 , 83.45 ," 59,990.00 "," 59,990.00 "," 82,110.00 "," 113,890.00 "," 173,580.00 ",  ,  
33,New Hampshire,2,NH,000000,Cross-industry,cross-industry,1235,15-2051,Data Scientists,detailed,620,10.7,0.94,0.87,,, 41.97 ," 87,300.00 ", 5.00 , 23.80 , 27.90 , 37.32 , 52.44 , 65.62 ," 49,490.00 "," 58,040.00 "," 77,620.00 "," 109,070.00 "," 136,480.00 ",  ,  
34,New Jersey,2,NJ,000000,Cross-industry,cross-industry,1235,15-2051,Data Scientists,detailed,3030,19,0.737,0.68,,, 62.49 ," 129,980.00 ", 3.60 , 36.02 , 46.37 , 62.12 , 75.74 , 89.73 ," 74,920.00 "," 96,450.00 "," 129,210.00 "," 157,550.00 "," 186,640.00 ",  ,  
35,New Mexico,2,NM,000000,Cross-industry,cross-industry,1235,15-2051,Data Scientists,detailed,330,8.4,0.398,0.37,,, 41.87 ," 87,090.00 ", 5.30 , 20.69 , 28.89 , 37.88 , 46.23 , 63.49 ," 43,040.00 "," 60,100.00 "," 78,790.00 "," 96,160.00 "," 132,060.00 ",  ,  
36,New York,2,NY,000000,Cross-industry,cross-industry,1235,15-2051,Data Scientists,detailed,14760,3.6,1.62,1.5,,, 61.63 ," 128,200.00 ", 1.70 , 29.11 , 40.70 , 59.63 , 79.32 , 99.86 ," 60,540.00 "," 84,650.00 "," 124,030.00 "," 164,990.00 "," 207,710.00 ",  ,  
37,North Carolina,2,NC,000000,Cross-industry,cross-industry,1235,15-2051,Data Scientists,detailed,5350,8.4,1.151,1.07,,, 57.67 ," 119,960.00 ", 1.00 , 31.52 , 44.38 , 58.64 , 66.33 , 83.06 ," 65,560.00 "," 92,310.00 "," 121,970.00 "," 137,970.00 "," 172,770.00 ",  ,  
38,North Dakota,2,ND,000000,Cross-industry,cross-industry,1235,15-2051,Data Scientists,detailed,150,15.7,0.361,0.33,,, 44.87 ," 93,340.00 ", 4.70 , 30.65 , 34.83 , 43.77 , 54.66 , 64.04 ," 63,740.00 "," 72,440.00 "," 91,050.00 "," 113,700.00 "," 133,190.00 ",  ,  
39,Ohio,2,OH,000000,Cross-industry,cross-industry,1235,15-2051,Data Scientists,detailed,3650,4.5,0.68,0.63,,, 44.27 ," 92,080.00 ", 1.70 , 23.26 , 32.19 , 42.77 , 53.73 , 65.14 ," 48,380.00 "," 66,950.00 "," 88,950.00 "," 111,750.00 "," 135,490.00 ",  ,  
40,Oklahoma,2,OK,000000,Cross-industry,cross-industry,1235,15-2051,Data Scientists,detailed,1740,9.6,1.087,1.01,,, 42.21 ," 87,810.00 ", 3.40 , 24.81 , 30.64 , 38.33 , 53.29 , 68.75 ," 51,610.00 "," 63,740.00 "," 79,720.00 "," 110,850.00 "," 143,000.00 ",  ,  
41,Oregon,2,OR,000000,Cross-industry,cross-industry,1235,15-2051,Data Scientists,detailed,1610,8.6,0.848,0.79,,, 53.41 ," 111,090.00 ", 4.10 , 28.89 , 32.52 , 49.29 , 66.20 , 84.03 ," 60,100.00 "," 67,630.00 "," 102,530.00 "," 137,690.00 "," 174,790.00 ",  ,  
42,Pennsylvania,2,PA,000000,Cross-industry,cross-industry,1235,15-2051,Data Scientists,detailed,6370,4.1,1.097,1.02,,, 46.12 ," 95,940.00 ", 1.50 , 24.78 , 33.80 , 43.91 , 58.73 , 65.39 ," 51,530.00 "," 70,300.00 "," 91,330.00 "," 122,150.00 "," 136,010.00 ",  ,  
44,Rhode Island,2,RI,000000,Cross-industry,cross-industry,1235,15-2051,Data Scientists,detailed,620,9.3,1.286,1.19,,, 56.53 ," 117,570.00 ", 2.40 , 38.39 , 42.20 , 52.52 , 64.16 , 80.91 ," 79,840.00 "," 87,770.00 "," 109,240.00 "," 133,460.00 "," 168,290.00 ",  ,  
45,South Carolina,2,SC,000000,Cross-industry,cross-industry,1235,15-2051,Data Scientists,detailed,1180,6.6,0.548,0.51,,, 48.34 ," 100,550.00 ", 1.70 , 29.52 , 35.39 , 47.78 , 57.35 , 69.71 ," 61,390.00 "," 73,610.00 "," 99,370.00 "," 119,290.00 "," 145,000.00 ",  ,  
46,South Dakota,2,SD,000000,Cross-industry,cross-industry,1235,15-2051,Data Scientists,detailed,110,14.9,0.264,0.24,,, 52.13 ," 108,430.00 ", 3.70 , 34.03 , 42.01 , 52.07 , 57.97 , 66.49 ," 70,780.00 "," 87,380.00 "," 108,310.00 "," 120,580.00 "," 138,300.00 ",  ,  
47,Tennessee,2,TN,000000,Cross-industry,cross-industry,1235,15-2051,Data Scientists,detailed,1210,10.8,0.389,0.36,,, 53.88 ," 112,070.00 ", 5.90 , 31.17 , 34.83 , 45.53 , 62.59 , 80.48 ," 64,830.00 "," 72,450.00 "," 94,690.00 "," 130,200.00 "," 167,390.00 ",  ,  
48,Texas,2,TX,000000,Cross-industry,cross-industry,1235,15-2051,Data Scientists,detailed,13780,3.1,1.061,0.98,,, 49.15 ," 102,230.00 ", 0.90 , 22.60 , 32.66 , 47.76 , 62.39 , 78.95 ," 47,010.00 "," 67,940.00 "," 99,350.00 "," 129,780.00 "," 164,210.00 ",  ,  
49,Utah,2,UT,000000,Cross-industry,cross-industry,1235,15-2051,Data Scientists,detailed,3070,7.5,1.886,1.75,,, 42.63 ," 88,660.00 ", 4.00 , 23.43 , 30.21 , 39.06 , 51.17 , 64.76 ," 48,740.00 "," 62,840.00 "," 81,250.00 "," 106,430.00 "," 134,700.00 ",  ,  
50,Vermont,2,VT,000000,Cross-industry,cross-industry,1235,15-2051,Data Scientists,detailed,150,41.3,0.513,0.48,,, * , * , * , * , * , * , * , * , * , * , * , * , * ,  ,  
51,Virginia,2,VA,000000,Cross-industry,cross-industry,1235,15-2051,Data Scientists,detailed,4500,5.3,1.163,1.08,,, 64.42 ," 133,990.00 ", 1.30 , 35.53 , 47.11 , 63.65 , 81.49 , 95.10 ," 73,910.00 "," 97,990.00 "," 132,400.00 "," 169,490.00 "," 197,810.00 ",  ,  
53,Washington,2,WA,000000,Cross-industry,cross-industry,1235,15-2051,Data Scientists,detailed,4160,8.3,1.221,1.13,,, 67.68 ," 140,780.00 ", 4.40 , 31.88 , 46.76 , 65.31 , 82.16 , 100.18 ," 66,300.00 "," 97,260.00 "," 135,850.00 "," 170,900.00 "," 208,380.00 ",  ,  
54,West Virginia,2,WV,000000,Cross-industry,cross-industry,1235,15-2051,Data Scientists,detailed,70,11.6,0.106,0.1,,, 34.88 ," 72,550.00 ", 1.50 , 27.66 , 29.81 , 32.21 , 40.07 , 46.29 ," 57,540.00 "," 62,000.00 "," 67,010.00 "," 83,340.00 "," 96,280.00 ",  ,  
55,Wisconsin,2,WI,000000,Cross-industry,cross-industry,1235,15-2051,Data Scientists,detailed,2740,8.3,0.971,0.9,,, 43.63 ," 90,760.00 ", 5.00 , 16.26 , 32.35 , 45.87 , 51.91 , 63.04 ," 33,820.00 "," 67,290.00 "," 95,410.00 "," 107,980.00 "," 131,120.00 ",  ,  
56,Wyoming,2,WY,000000,Cross-industry,cross-industry,1235,15-2051,Data Scientists,detailed,40,43.9,0.15,0.14,,, 61.95 ," 128,860.00 ", 25.30 , 32.93 , 67.29 , 67.29 , 69.05 , 72.36 ," 68,490.00 "," 139,960.00 "," 139,970.00 "," 143,610.00 "," 150,510.00 ",  ,  
72,Puerto Rico,3,PR,000000,Cross-industry,cross-industry,1235,15-1242,Database Administrators,detailed,350,10.2,0.39,0.72,,, 27.60 ," 57,410.00 ", 3.10 , 13.35 , 19.41 , 24.71 , 32.46 , 46.03 ," 27,760.00 "," 40,370.00 "," 51,390.00 "," 67,510.00 "," 95,750.00 ",  ,  
72,Puerto Rico,3,PR,000000,Cross-industry,cross-industry,1235,15-1243,Database Architects,detailed,70,21.8,0.073,0.17,,, 33.66 ," 70,010.00 ", 5.30 , 15.98 , 29.50 , 32.73 , 41.84 , 47.12 ," 33,240.00 "," 61,350.00 "," 68,080.00 "," 87,020.00 "," 98,010.00 ",  ,  
72,Puerto Rico,3,PR,000000,Cross-industry,cross-industry,1235,15-2051,Data Scientists,detailed,70,18.4,0.081,0.07,,, 31.21 ," 64,910.00 ", 5.20 , 19.75 , 26.50 , 29.68 , 37.73 , 38.72 ," 41,090.00 "," 55,120.00 "," 61,730.00 "," 78,470.00 "," 80,550.00 ",  ,  
01,Alabama,2,AL,000000,Cross-industry,cross-industry,1235,13-1111,Management Analysts,detailed,5400,5.5,2.693,0.49,,,48.41," 100,680.00 ",2.7,24.3,33.32,44.5,58.37,79.37,50550,69310,92560,121410,165100,,
02,Alaska,2,AK,000000,Cross-industry,cross-industry,1235,13-1111,Management Analysts,detailed,380,4.9,1.253,0.23,,,48.95," 101,820.00 ",1.4,30.97,38.11,46.86,57.71,65.71,64420,79270,97470,120040,136670,,
04,Arizona,2,AZ,000000,Cross-industry,cross-industry,1235,13-1111,Management Analysts,detailed,14670,4.9,4.84,0.88,,,44.69," 92,950.00 ",4.9,22.83,30.25,38.83,50.84,66.45,47480,62930,80770,105750,138210,,
05,Arkansas,2,AR,000000,Cross-industry,cross-industry,1235,13-1111,Management Analysts,detailed,5400,5.8,4.386,0.8,,,37.68," 78,380.00 ",4.1,15.27,20.9,30.72,48.15,62.12,31750,43480,63890,100150,129210,,
06,California,2,CA,000000,Cross-industry,cross-industry,1235,13-1111,Management Analysts,detailed,121140,1.7,6.869,1.26,,,49.61," 103,180.00 ",0.9,29.13,32.6,40.87,59.22,80.61,60590,67810,85010,123180,167680,,
08,Colorado,2,CO,000000,Cross-industry,cross-industry,1235,13-1111,Management Analysts,detailed,10950,10.5,3.959,0.72,,,50.47," 104,980.00 ",2.6,29.11,35.4,47.34,61.55,78.12,60550,73630,98460,128030,162490,,
09,Connecticut,2,CT,000000,Cross-industry,cross-industry,1235,13-1111,Management Analysts,detailed,9510,5.5,5.83,1.07,,,50.79," 105,650.00 ",2.6,29.32,37.98,48.07,60.37,78.5,60990,78990,99990,125570,163270,,
10,Delaware,2,DE,000000,Cross-industry,cross-industry,1235,13-1111,Management Analysts,detailed,4200,5.4,9.226,1.69,,,43.13," 89,700.00 ",2.4,22.54,29.43,39.42,51.95,63.74,46890,61210,82000,108060,132590,,
11,District of Columbia,2,DC,000000,Cross-industry,cross-industry,1235,13-1111,Management Analysts,detailed,19230,4.2,27.86,5.09,,,55.64," 115,720.00 ",1.5,36.03,43.18,53.26,63.49,79.19,74940,89810,110780,132060,164720,,
12,Florida,2,FL,000000,Cross-industry,cross-industry,1235,13-1111,Management Analysts,detailed,61210,4,6.645,1.21,,,43.15," 89,760.00 ",1.7,19,25.31,37.27,50.66,76.92,39530,52640,77520,105370,160000,,
13,Georgia,2,GA,000000,Cross-industry,cross-industry,1235,13-1111,Management Analysts,detailed,29240,4.2,6.34,1.16,,,52.33," 108,840.00 ",2.5,26.44,35.84,47.3,62.56,84.29,55000,74550,98390,130130,175320,,
15,Hawaii,2,HI,000000,Cross-industry,cross-industry,1235,13-1111,Management Analysts,detailed,2110,7.5,3.549,0.65,,,43.24," 89,950.00 ",4.2,29.07,32.59,40.85,50.77,61.11,60470,67790,84970,105610,127110,,
16,Idaho,2,ID,000000,Cross-industry,cross-industry,1235,13-1111,Management Analysts,detailed,2490,8.6,3.119,0.57,,,41.87," 87,090.00 ",5.7,22.47,26.54,35.98,51.23,65.24,46730,55200,74830,106550,135690,,
17,Illinois,2,IL,000000,Cross-industry,cross-industry,1235,13-1111,Management Analysts,detailed,49230,5.1,8.367,1.53,,,56.08," 116,650.00 ",1.7,29.83,38.09,49.19,66.55,85.05,62050,79230,102310,138420,176900,,
18,Indiana,2,IN,000000,Cross-industry,cross-industry,1235,13-1111,Management Analysts,detailed,10930,6.3,3.537,0.65,,,42.68," 88,770.00 ",2.6,22.58,28.98,38.39,49.48,64.5,46970,60280,79860,102910,134170,,
19,Iowa,2,IA,000000,Cross-industry,cross-industry,1235,13-1111,Management Analysts,detailed,6080,2.9,3.998,0.73,,,42.98," 89,390.00 ",2,25.25,31.04,39.21,50.05,65.51,52520,64560,81570,104110,136260,,
20,Kansas,2,KS,000000,Cross-industry,cross-industry,1235,13-1111,Management Analysts,detailed,4660,7.1,3.373,0.62,,,38.91," 80,940.00 ",2.9,20.61,26.64,36.73,47.62,59.72,42870,55410,76390,99050,124220,,
21,Kentucky,2,KY,000000,Cross-industry,cross-industry,1235,13-1111,Management Analysts,detailed,3380,8.5,1.781,0.33,,,45.69," 95,040.00 ",8,23.08,30.2,39.35,52.93,77.22,48010,62820,81840,110090,160620,,
22,Louisiana,2,LA,000000,Cross-industry,cross-industry,1235,13-1111,Management Analysts,detailed,3490,8.2,1.888,0.35,,,46.57," 96,870.00 ",5.5,26.31,31.83,40.24,49.9,68.08,54720,66210,83690,103790,141600,,
23,Maine,2,ME,000000,Cross-industry,cross-industry,1235,13-1111,Management Analysts,detailed,1860,6.5,3.05,0.56,,,*, * ,*,*,*,*,*,*,*,*,*,*,*,,
24,Maryland,2,MD,000000,Cross-industry,cross-industry,1235,13-1111,Management Analysts,detailed,19580,2.2,7.417,1.36,,,53.01," 110,260.00 ",0.8,31.25,40.71,51.82,62.71,71.84,65000,84670,107790,130440,149430,,
25,Massachusetts,2,MA,000000,Cross-industry,cross-industry,1235,13-1111,Management Analysts,detailed,28360,3.7,7.954,1.45,,,59.14," 123,010.00 ",1.5,31.98,39.47,50.49,67.22,97.29,66520,82100,105020,139820,202350,,
26,Michigan,2,MI,000000,Cross-industry,cross-industry,1235,13-1111,Management Analysts,detailed,15830,3.1,3.727,0.68,,,49.41," 102,780.00 ",2.6,23.89,31.33,40.38,51.44,72.46,49700,65160,83990,107000,150720,,
27,Minnesota,2,MN,000000,Cross-industry,cross-industry,1235,13-1111,Management Analysts,detailed,21180,5.8,7.493,1.37,,,50.34," 104,710.00 ",3.3,28.13,34.47,46.15,62.2,79.32,58510,71700,95990,129380,164990,,
28,Mississippi,2,MS,000000,Cross-industry,cross-industry,1235,13-1111,Management Analysts,detailed,3030,8.1,2.673,0.49,,,46.41," 96,520.00 ",4.1,19.09,27.92,39.61,63.31,68.75,39710,58080,82380,131690,143000,,
29,Missouri,2,MO,000000,Cross-industry,cross-industry,1235,13-1111,Management Analysts,detailed,11860,5.1,4.208,0.77,,,49.42," 102,790.00 ",5.5,24.18,29.59,39.77,52.4,66.93,50300,61550,82720,108980,139220,,
30,Montana,2,MT,000000,Cross-industry,cross-industry,1235,13-1111,Management Analysts,detailed,1400,8.6,2.864,0.52,,,44.01," 91,540.00 ",5.9,22.8,30,37.72,45.44,61.78,47430,62410,78460,94510,128500,,
31,Nebraska,2,NE,000000,Cross-industry,cross-industry,1235,13-1111,Management Analysts,detailed,3370,7.3,3.474,0.64,,,40.24," 83,710.00 ",2.2,23.9,29.94,38.25,49.65,57.69,49710,62270,79550,103270,120000,,
32,Nevada,2,NV,000000,Cross-industry,cross-industry,1235,13-1111,Management Analysts,detailed,3280,5.1,2.323,0.42,,,39.7," 82,570.00 ",4.3,25.67,30.5,37.65,46.72,53.7,53390,63430,78300,97180,111700,,
33,New Hampshire,2,NH,000000,Cross-industry,cross-industry,1235,13-1111,Management Analysts,detailed,3970,6.9,6.028,1.1,,,58.33," 121,320.00 ",10,31.37,40.55,51.77,55.87,79.29,65250,84350,107670,116210,164930,,
34,New Jersey,2,NJ,000000,Cross-industry,cross-industry,1235,13-1111,Management Analysts,detailed,18880,3.9,4.594,0.84,,,60.58," 126,000.00 ",4.1,30.16,39.74,51.29,66.37,86.23,62740,82650,106670,138040,179350,,
35,New Mexico,2,NM,000000,Cross-industry,cross-industry,1235,13-1111,Management Analysts,detailed,2810,4.3,3.432,0.63,,,39.35," 81,840.00 ",1.5,22.84,28,38.5,47.56,56.63,47510,58240,80070,98930,117790,,
36,New York,2,NY,000000,Cross-industry,cross-industry,1235,13-1111,Management Analysts,detailed,57260,1.9,6.286,1.15,,,58.04," 120,730.00 ",1.6,30.35,38.52,50.03,72.54,97.75,63120,80120,104070,150870,203330,,
37,North Carolina,2,NC,000000,Cross-industry,cross-industry,1235,13-1111,Management Analysts,detailed,19360,4.1,4.166,0.76,,,49.19," 102,310.00 ",1.5,27.91,35.38,47.27,60.55,77.06,58040,73580,98310,125950,160270,,
38,North Dakota,2,ND,000000,Cross-industry,cross-industry,1235,13-1111,Management Analysts,detailed,520,15.1,1.292,0.24,,,42.29," 87,950.00 ",5.1,24.42,28.89,37.25,49.6,72.04,50790,60100,77470,103170,149850,,
39,Ohio,2,OH,000000,Cross-industry,cross-industry,1235,13-1111,Management Analysts,detailed,25250,4.5,4.698,0.86,,,45.66," 94,970.00 ",2.1,25.74,31.44,39.73,50.95,64.3,53530,65400,82640,105980,133750,,
40,Oklahoma,2,OK,000000,Cross-industry,cross-industry,1235,13-1111,Management Analysts,detailed,4330,5.9,2.696,0.49,,,42.02," 87,410.00 ",2.2,23.62,30.26,39.42,49.55,60.84,49130,62940,81990,103060,126550,,
41,Oregon,2,OR,000000,Cross-industry,cross-industry,1235,13-1111,Management Analysts,detailed,10070,6.5,5.307,0.97,,,45.5," 94,640.00 ",1.3,30.18,35.25,43.75,50.6,63.16,62780,73320,91000,105250,131370,,
42,Pennsylvania,2,PA,000000,Cross-industry,cross-industry,1235,13-1111,Management Analysts,detailed,20900,7.5,3.596,0.66,,,45.49," 94,630.00 ",3.4,27.58,31.22,39.51,51.38,64.23,57370,64940,82170,106870,133590,,
44,Rhode Island,2,RI,000000,Cross-industry,cross-industry,1235,13-1111,Management Analysts,detailed,3900,6.7,8.131,1.49,,,52.85," 109,920.00 ",5.7,30.52,38.35,47.02,58.64,78.35,63480,79770,97800,121970,162970,,
45,South Carolina,2,SC,000000,Cross-industry,cross-industry,1235,13-1111,Management Analysts,detailed,9360,4.1,4.35,0.8,,,42.2," 87,780.00 ",3,20.08,28.08,37.93,50.69,64.03,41770,58410,78900,105430,133180,,
46,South Dakota,2,SD,000000,Cross-industry,cross-industry,1235,13-1111,Management Analysts,detailed,2750,4.4,6.324,1.16,,,41.41," 86,120.00 ",2.4,24.48,30.03,37.68,50,65.04,50910,62470,78360,103990,135280,,
47,Tennessee,2,TN,000000,Cross-industry,cross-industry,1235,13-1111,Management Analysts,detailed,9240,5,2.96,0.54,,,44.7," 92,970.00 ",2.5,24.82,31.35,39.48,50.44,65.6,51620,65210,82120,104920,136440,,
48,Texas,2,TX,000000,Cross-industry,cross-industry,1235,13-1111,Management Analysts,detailed,35060,4.8,2.699,0.49,,,48.92," 101,760.00 ",1.9,29.21,35.77,45.18,58.48,75.76,60760,74390,93980,121630,157590,,
49,Utah,2,UT,000000,Cross-industry,cross-industry,1235,13-1111,Management Analysts,detailed,6390,5.4,3.93,0.72,,,41.99," 87,340.00 ",5.1,18.13,25.44,37.55,46.9,66.49,37710,52920,78100,97540,138290,,
50,Vermont,2,VT,000000,Cross-industry,cross-industry,1235,13-1111,Management Analysts,detailed,1190,10.2,4.058,0.74,,,*, * ,*,*,*,*,*,*,*,*,*,*,*,,
51,Virginia,2,VA,000000,Cross-industry,cross-industry,1235,13-1111,Management Analysts,detailed,65200,2.7,16.833,3.08,,,54.34," 113,020.00 ",1.3,29.2,37.94,49.75,63.91,81.68,60740,78920,103480,132930,169880,,
53,Washington,2,WA,000000,Cross-industry,cross-industry,1235,13-1111,Management Analysts,detailed,25100,5.4,7.37,1.35,,,52.67," 109,560.00 ",1.3,30.61,37.25,49.84,63.58,81.28,63670,77480,103680,132250,169060,,
54,West Virginia,2,WV,000000,Cross-industry,cross-industry,1235,13-1111,Management Analysts,detailed,1980,4.5,2.926,0.53,,,43.28," 90,030.00 ",4.2,20,26.14,37.52,48.39,65.21,41600,54370,78040,100650,135640,,
55,Wisconsin,2,WI,000000,Cross-industry,cross-industry,1235,13-1111,Management Analysts,detailed,11540,3.2,4.096,0.75,,,46.62," 96,980.00 ",1.2,26.5,31.63,40.24,53.46,71.83,55120,65790,83700,111210,149410,,
56,Wyoming,2,WY,000000,Cross-industry,cross-industry,1235,13-1111,Management Analysts,detailed,330,11.7,1.238,0.23,,,42.12," 87,600.00 ",6,23.16,26.31,38.15,51.58,84.32,48180,54720,79350,107290,175380,,
66,Guam,3,GU,000000,Cross-industry,cross-industry,1235,13-1111,Management Analysts,detailed,**,**,**,**,,,32.95," 68,540.00 ",1.9,21.5,26.31,30.94,40.32,47.06,44720,54720,64360,83870,97880,,
72,Puerto Rico,3,PR,000000,Cross-industry,cross-industry,1235,13-1111,Management Analysts,detailed,3150,11.4,3.499,0.64,,,28.56," 59,400.00 ",3.3,13.89,18.9,29.07,36.37,41.17,28900,39320,60470,75650,85630,,
78,Virgin Islands,3,VI,000000,Cross-industry,cross-industry,1235,13-1111,Management Analysts,detailed,40,36.9,1.162,0.21,,,38.57," 80,220.00 ",5.7,21.37,26.31,32.89,45.78,62.8,44450,54720,68410,95220,130630,,
